{
    "Osseous": {
        "ring": 0.005,
        "key": 0.0025,
        "wep_1": 0.002,
        "wep_2": 0.002,
        "wep_3": 0.002,
        "wep_4": 0.002,
        "heart": 0.005,
        "pet": 0.0005
    },
    "Nakatra": {
        "wep_1": 0.0125,
        "wep_2": 0.0125,
        "shard": 0.0125,
        "book": 0.00625,
        "prayer": 0.00625,
        "page": 0.1,
        "pet": 0.004166666666666667
    },
    "Test": {
        "pet": 0.005
    }
}